listing_id,provider,city,locality_raw,locality_normalized,address_raw,latitude,longitude,geocode_confidence,rent_monthly,maintenance_monthly,deposit,brokerage,bhk,area_sqft,furnishing,property_type,bathrooms,availability_status,verification_status,source_name,source_url,observed_at,collection_method,consent_to_publish,notes
FIELD-ADY-001,rivo_direct,Chennai,Adyar,adyar,"7th Avenue, Adyar, Chennai",12.9954,80.2569,HIGH,22000,500,66000,,2,950,semi-furnished,flat,2,AVAILABLE,OWNER_ATTESTED,owner_interview,,2025-09-15T10:30:00+05:30,owner_interview,TRUE,Owner confirmed rent directly in person
FIELD-ADY-002,rivo_direct,Chennai,Adyar,adyar,"Gandhi Nagar, Adyar, Chennai",12.9940,80.2556,HIGH,28000,800,84000,,3,1200,unfurnished,flat,2,AVAILABLE,OWNER_ATTESTED,owner_interview,,2025-09-15T11:00:00+05:30,owner_interview,TRUE,Owner confirmed via phone
FIELD-VEL-001,rivo_direct,Chennai,Velachery,velachery,"100 Feet Road, Velachery",12.9816,80.2180,HIGH,18000,500,54000,,2,900,semi-furnished,flat,2,AVAILABLE,OWNER_ATTESTED,field_agent,,2025-09-16T09:30:00+05:30,field_survey,TRUE,Rent board confirmed by watchman
FIELD-VEL-002,rivo_direct,Chennai,Velachery,velachery,"LB Road, Velachery, Chennai",12.9798,80.2170,HIGH,14500,400,43500,,1,550,unfurnished,flat,1,AVAILABLE,OWNER_ATTESTED,field_agent,,2025-09-16T10:15:00+05:30,field_survey,TRUE,Confirmed with owner at site
FIELD-VEL-003,rivo_direct,Chennai,Velachery,velachery,"Vijaya Nagar, Velachery",12.9820,80.2190,MEDIUM,32000,1000,96000,,3,1350,fully-furnished,flat,3,AVAILABLE,UNVERIFIED,field_agent,,2025-09-17T09:00:00+05:30,field_survey,TRUE,Rent board only; owner not reached
FIELD-TN-001,rivo_direct,Chennai,T. Nagar,t-nagar,"Pondy Bazaar, T. Nagar",13.0418,80.2341,HIGH,25000,700,75000,,2,1000,semi-furnished,flat,2,AVAILABLE,OWNER_ATTESTED,owner_interview,,2025-09-17T14:00:00+05:30,owner_interview,TRUE,
FIELD-TN-002,rivo_direct,Chennai,T. Nagar,t-nagar,"Usman Road, T. Nagar, Chennai",13.0410,80.2335,HIGH,35000,1200,105000,,3,1400,fully-furnished,flat,2,AVAILABLE,OWNER_ATTESTED,owner_interview,,2025-09-18T10:00:00+05:30,owner_interview,TRUE,
FIELD-ANN-001,rivo_direct,Chennai,Anna Nagar,anna-nagar,"2nd Avenue, Anna Nagar",13.0850,80.2101,HIGH,20000,600,60000,,2,900,semi-furnished,flat,2,AVAILABLE,OWNER_ATTESTED,owner_interview,,2025-09-18T11:30:00+05:30,owner_interview,TRUE,
FIELD-ANN-002,rivo_direct,Chennai,Anna Nagar,anna-nagar,"Anna Nagar East, Chennai",13.0855,80.2110,MEDIUM,15000,300,45000,,1,600,unfurnished,flat,1,AVAILABLE,OWNER_ATTESTED,field_agent,,2025-09-19T09:00:00+05:30,field_survey,TRUE,
FIELD-MYL-001,rivo_direct,Chennai,Mylapore,mylapore,"Kutchery Road, Mylapore",13.0339,80.2619,HIGH,19000,500,57000,,2,880,semi-furnished,flat,2,AVAILABLE,OWNER_ATTESTED,owner_interview,,2025-09-19T14:00:00+05:30,owner_interview,TRUE,
